<?xml version="1.0" encoding="UTF-8" standalone="yes"?>
<addon id="plugin.video.gloriosotv" version="1.0.1+matrix" name="[B][COLOR chocolate]Glorioso Tv[/COLOR][/B]" provider-name="[B][COLOR yellow]Glorioso Tv[/COLOR][/B]">
<requires>
		<import addon="script.module.six" />
		<import addon="script.module.kodi-six" />
		<import addon="script.module.requests" optional="true"/>
		<import addon="script.module.websocket" version="0.50.0"  optional="true"/>
		<import addon="script.module.youtube.dl" optional="true"/>
		<import addon="plugin.video.youtube" optional="true" />
		<import addon="script.module.dateutil" optional="true" />
		<import addon="script.module.resolveurl" optional="true"/>
		<import addon="script.module.urlresolver" optional="true"/>
		<import addon="script.module.cloudscraper" optional="true"/>
		<import addon="script.module.inputstreamhelper" optional="true"/>
		<import addon="script.module.slproxy" optional="true"/>
	</requires>
  <extension point="xbmc.python.pluginsource" library="default.py">
    <provides>video</provides>
  </extension>
<extension point="xbmc.addon.repository" name="[COLOR red]Glorioso Tv [COLOR red]Repositorio[/COLOR]">
	<info compressed="false">https://raw.githubusercontent.com/tvglorioso/glorioso/master/matrix/addons.xml</info>
	<checksum>https://raw.githubusercontent.com/tvglorioso/glorioso/master/matrix/addons.xml.md5</checksum>
	<datadir zip="true">https://raw.githubusercontent.com/tvglorioso/glorioso/master/matrix</datadir>
	<hashes>false</hashes>
</extension> 	
  <extension point="xbmc.addon.metadata">
    <summary lang="en">[B][COLOR chocolate]OBRIGADO POR USAR NOSSO ADD-ON[/COLOR][/B]</summary>
    <description lang="en">[B][COLOR chocolate]Glorioso Tv é apenas um AGREGADOR de links e, assim como o Google.com, apenas agrega e organiza os links externos. Não somos responsáveis pelos arquivos aqui encontrados.[/COLOR][/B]</description>
    <news>
[B][COLOR chocolate]PROIBIDO USO DO ADD-ON EM OUTRA REPO SEM AUTORIZAÇÃO[/COLOR][/B]
</news>
    <platform>all</platform>
	<assets>
<icon>icon.png</icon>
<fanart>fanart.jpg</fanart>
<screenshot>resources/screenshots/home.jpg</screenshot>
<screenshot>resources/screenshots/movies.jpg</screenshot>
<screenshot>resources/screenshots/series.jpg</screenshot>
</assets>
  </extension>
</addon>
